{	
   "processes" : {

	"diphoton" : [
		     ["DiPhotonJetsBox_MGG-80toInf_13TeV-Sherpa" , {"njobs":100}]
		     ],

        "gjet" : [
		 ["/GJet_Pt-20to40_DoubleEMEnriched_MGG-80toInf_TuneCUETP8M1_13TeV_Pythia8", {"njobs":100} ],
		 ["/GJet_Pt-40toInf_DoubleEMEnriched_MGG-80toInf_TuneCUETP8M1_13TeV_Pythia8", {"njobs":100} ]
	       	 ],

	"qcd"  : [
	       	 ["/QCD_Pt-30toInf_DoubleEMEnriched_MGG-40to80_TuneCUETP8M1_13TeV_Pythia8", {"njobs":100} ],
	       	 ["/QCD_Pt-30to40_DoubleEMEnriched_MGG-80toInf_TuneCUETP8M1_13TeV_Pythia8", {"njobs":100} ],
		 ["/QCD_Pt-40toInf_DoubleEMEnriched_MGG-80toInf_TuneCUETP8M1_13TeV_Pythia8",{"njobs":100} ]
	       	 ],
	},

     "cmdLine" : "campaign=RunIIFall15DR76-1_3_0-25ns_ext1 targetLumi=2.6e+3 puTarget=1.34e+05,6.34e+05,8.42e+05,1.23e+06,2.01e+06,4.24e+06,1.26e+07,4.88e+07,1.56e+08,3.07e+08,4.17e+08,4.48e+08,4.04e+08,3.05e+08,1.89e+08,9.64e+07,4.19e+07,1.71e+07,7.85e+06,4.2e+06,2.18e+06,9.43e+05,3.22e+05,8.9e+04,2.16e+04,5.43e+03,1.6e+03,551,206,80.1,31.2,11.9,4.38,1.54,0.518,0.165,0.0501,0.0144,0.00394,0.00102,0.000251,5.87e-05,1.3e-05,2.74e-06,5.47e-07,1.04e-07,1.86e-08,3.18e-09,5.16e-10,9.35e-11 processType='mc' "

}